<?xml version="1.0" encoding="UTF-8"?>
<project-private xmlns="http://www.netbeans.org/ns/project-private/1">
    <editor-bookmarks xmlns="http://www.netbeans.org/ns/editor-bookmarks/2" lastBookmarkId="0"/>
    <open-files xmlns="http://www.netbeans.org/ns/projectui-open-files/2">
        <group>
            <file>file:/C:/Users/senja/OneDrive/Dokumen/NetBeansProjects/E-Book_niel/src/e/book_niel/Login.java</file>
            <file>file:/C:/Users/senja/OneDrive/Dokumen/NetBeansProjects/E-Book_niel/src/e/book_niel/Koneksi.java</file>
            <file>file:/C:/Users/senja/OneDrive/Dokumen/NetBeansProjects/E-Book_niel/src/e/book_niel/EBook_niel.java</file>
            <file>file:/C:/Users/senja/OneDrive/Dokumen/NetBeansProjects/E-Book_niel/src/e/book_niel/Register.java</file>
            <file>file:/C:/Users/senja/OneDrive/Dokumen/NetBeansProjects/E-Book_niel/src/e_bok/Main.java</file>
        </group>
    </open-files>
</project-private>
